form	lemma	POS	morph
༄༅། །		PUNCT
སྦྲུལ་	སྦྲུལ་	NOUN
ནག་པོ་	ནག་པོ་	ADJ
འི་	གི་	PART
སྟོང་ཐུན་	སྟོང་ཐུན་	OTHER
།		PUNCT
ཐེག་པ་	ཐེག་པ་	NOUN
མཐོ་དམན་	མཐོ་དམན་	NOUN
གྱི་	གི་	PART
ལྟ་སྤྱོད་	ལྟ་སྤྱོད་	NOUN
ཀྱི་	གི་	PART
བྱེ་བྲག་	བྱེ་བྲག་	NOUN
ལ་	ལ་	PART
།		PUNCT
མདོར་བསྡུས་	མདོར་བསྡུས་	OTHER
ན་	ལ་	PART
འདི་ལྟར་	འདི་ལྟར་	NO_POS
ཤེས་པ་	ཤེས་པ་	VERB
ར་	ལ་	PART
བྱ་	བྱ་	VERB
སྟེ་	སྟེ་	PART
།		PUNCT
ལུས་	ལུས་	NOUN
དང་	དང་	NO_POS
ངག་	ངག་	NOUN
དང་	དང་	NO_POS
ཡིད་	ཡིད་	NOUN
ཀྱིས་	གིས་	PART
བསྡུས་པ་	བསྡུས་པ་	VERB
འི་	གི་	PART
ལུས་	ལུས་	NOUN
དང་	དང་	NO_POS
གནས་	གནས་	NOUN
དང་	དང་	NO_POS
སྤྱོད་ཡུལ་	སྤྱོད་ཡུལ་	NOUN
དུ་	ལ་	PART
སྣང་བ་	སྣང་བ་	VERB
འདི་	འདི་	DET
ལ་	ལ་	PART
བརྟེན་	བརྟེན་	VERB
ན་	ནས་	PART
ལྟ་བ་	ལྟ་བ་	VERB
སྣ་ཚོགས་	སྣ་ཚོགས་	DET
འཇོག་	འཇོག་	VERB
སྟེ་	སྟེ་	PART
།		PUNCT
འོན་ཀྱང་	འོན་ཀྱང་	NO_POS
སྣང་	སྣང་	VERB
ངམ་	གམ་	PART
མི་	མི་	PART
སྣང་	སྣང་	VERB
ཤེ་	ཤེ་	VERB
ནི་	ནི་	NO_POS
།		PUNCT
གཞུང་	གཞུང་	NOUN
སྣ་ཚོགས་པ་	སྣ་ཚོགས་པ་	DET
འཛིན་པ་	འཛིན་པ་	VERB
འི་	གི་	PART
གང་ཟག་	གང་ཟག་	NOUN
ཀྱང་	ཀྱང་	PART
རུང་	རུང་	SCONJ
།		PUNCT
ལ་	ལ་	ADP
ས་	གིས་	PART
དང་པོ་པ་	དང་པོ་པ་	ADJ
ན་	ནས་	PART
ས་བཅུ་པ་	ས་བཅུ་པ་	NO_POS
འི་	གི་	PART
བ་	བ་	NOUN
དུ་	ལ་	PART
གྱུར་	གྱུར་	VERB
ཀྱང་	ཀྱང་	PART
།		PUNCT
འདི་	འདི་	DET
ལ་	ལ་	PART
རྩོད་པ་	རྩོད་པ་	VERB
ར་	ལ་	PART
ནི་	ནི་	NO_POS
མི་	མི་	PART
བྱེད་	བྱེད་	VERB
དེ་	སྟེ་	PART
།		PUNCT
གང་	གང་	NO_POS
གི་	གི་	PART
ཕྱི་	ཕྱི་	OTHER
མངོན་སུམ་	མངོན་སུམ་	NOUN
དུ་	ལ་	PART
སྣང་བ་	སྣང་བ་	VERB
ལ་	ལ་	PART
སྒྲོ་སྐུར་	སྒྲོ་སྐུར་	NOUN
མེད་	མེད་	VERB
དེ་	སྟེ་	PART
།		PUNCT
དེ་	དེ་	DET
འི་	གི་	PART
ཕྱི་	ཕྱི་	OTHER
འདི་	འདི་	DET
ལ་	ལ་	PART
རྩོད་པ་	རྩོད་པ་	VERB
རྣམས་	རྣམས་	DET
ནི་	ནི་	NO_POS
སྣང་བ་	སྣང་བ་	VERB
འི་	གི་	PART
མཚན་ཉིད་	མཚན་ཉིད་	NOUN
ཇི་ལྟ་		
ཡིན་པ་	ཡིན་པ་	AUX
ལ་	ལ་	ADP
ས་	གིས་	PART
འབྱུང་	འབྱུང་	VERB
སྟེ་	སྟེ་	PART
།		PUNCT
དེ་ཡང་	དེ་ཡང་	ADV
མདོ་	མདོ་	NOUN
ར་	ལ་	PART
བསྡུ་	བསྡུ་	VERB
ན་	ལ་	PART
རྣམ་པ་	རྣམ་པ་	NOUN
ལྔ་	ལྔ་	NUM
སྟེ་	སྟེ་	PART
།		PUNCT
དེ་	སྟེ་	PART
ལ་	ལ་	PART
དང་པོ་	དང་པོ་	ADJ
དཔེ་	དཔེ་	NOUN
བརྗོད་པ་	བརྗོད་པ་	VERB
།		PUNCT
དཔེར་ན་	དཔེར་ན་	NO_POS
།		PUNCT
སྦྲུལ་	སྦྲུལ་	NOUN
ནག་པོ་	ནག་པོ་	ADJ
འི་	གི་	PART
གཟུགས་བརྙན་	གཟུགས་བརྙན་	NOUN
ཆུ་	ཆུ་	NOUN
འི་	གི་	PART
ནང་	ནང་	NOUN
དུ་	ལ་	PART
སྣང་བ་	སྣང་བ་	VERB
ལ་	ལ་	ADP
ས་	གིས་	PART
།		PUNCT
གང་ཟག་	གང་ཟག་	NOUN
ཁ་ཅིག་	ཁ་ཅིག་	PRON
ནི་	ནི་	NO_POS
སྦྲུལ་	སྦྲུལ་	NOUN
ཉིད་	ཉིད་	DET
དུ་	ལ་	PART
མངོན་པ་	མངོན་པ་	OTHER
ཞེན་	ཞེན་	VERB
ཏེ་	སྟེ་	PART
།		PUNCT
སྐྲག་	སྐྲག་	VERB
ན་	ནས་	PART
སྤོང་བ་	སྤོང་བ་	VERB
ར་	ལ་	PART
བྱེད་	བྱེད་	VERB
དོ་	གོ་	PART
། །		PUNCT
ཁ་ཅིག་	ཁ་ཅིག་	PRON
ནི་	ནི་	NO_POS
སྦྲུལ་	སྦྲུལ་	NOUN
གྱི་	གི་	PART
གཟུགས་བརྙན་	གཟུགས་བརྙན་	NOUN
དུ་	ལ་	PART
ཤེ་	ཤེ་	VERB
ཏེ་	སྟེ་	PART
།		PUNCT
ཡང་དག་པ་	ཡང་དག་པ་	ADJ
འི་	གི་	PART
སྦྲུལ་	སྦྲུལ་	NOUN
མ་ཡིན་པ་	མ་ཡིན་པ་	OTHER
ར་	ལ་	PART
ཤེ་	ཤེ་	VERB
ཀྱང་	ཀྱང་	PART
།		PUNCT
གཟུགས་བརྙན་	གཟུགས་བརྙན་	NOUN
ལ་	ལ་	PART
ཡང་	ཀྱང་	PART
གནོད་པ་	གནོད་པ་	VERB
འི་	གི་	PART
བྱ་བ་	བྱ་བ་	VERB
བྱེད་པ་	བྱེད་པ་	VERB
འི་	གི་	PART
ནུས་པ་	ནུས་པ་	VERB
ཡོད་པ་	ཡོད་པ་	VERB
ར་	ལ་	PART
མཐོང་	མཐོང་	VERB
ན་	ནས་	PART
།		PUNCT
ཐབས་	ཐབས་	NOUN
ཀྱིས་	གིས་	PART
གཉེན་པོ་	གཉེན་པོ་	NOUN
བརྟེན་པ་	བརྟེན་པ་	VERB
འི་	གི་	PART
རྩོལ་བ་	རྩོལ་བ་	VERB
བྱེད་པ་	བྱེད་པ་	VERB
འོ་	གོ་	PART
། །		PUNCT
ཁ་ཅིག་	ཁ་ཅིག་	PRON
ནི་	ནི་	NO_POS
གཟུགས་བརྙན་	གཟུགས་བརྙན་	NOUN
དུ་	ལ་	PART
ཤེས་པ་	ཤེས་པ་	VERB
ས་	གིས་	PART
།		PUNCT
རྟེན་	རྟེན་	NOUN
གྱི་	གི་	PART
འབྱུང་བ་	འབྱུང་བ་	VERB
ཆེན་པོ་	ཆེན་པོ་	ADJ
མེད་པ་	མེད་པ་	VERB
འི་	གི་	PART
ཕྱི་	ཕྱི་	OTHER
།		PUNCT
བྱ་བ་	བྱ་བ་	VERB
བྱེད་པ་	བྱེད་པ་	VERB
འི་	གི་	PART
ནུས་པ་	ནུས་པ་	VERB
ནི་	ནི་	NO_POS
མེད་པ་	མེད་པ་	VERB
ར་	ལ་	PART
ཤེ་	ཤེ་	VERB
།		PUNCT
འོན་ཀྱང་	འོན་ཀྱང་	NO_POS
སྔོན་	སྔོན་	ADV
བྲེད་པ་	བྲེད་པ་	NO_POS
འི་	གི་	PART
ཤུགས་	ཤུགས་	NOUN
ཀྱིས་	གིས་	PART
དེ་	སྟེ་	PART
ལ་	ལ་	PART
རེག་	རེག་	VERB
ཅིང་	ཅིང་	PART
རྫི་བ་	རྫི་བ་	NO_POS
ར་	ལ་	PART
མི་	མི་	PART
ནུས་	ནུས་	VERB
སོ་	གོ་	PART
། །		PUNCT
ཁ་ཅིག་	ཁ་ཅིག་	PRON
ནི་	ནི་	NO_POS
གཟུགས་བརྙན་	གཟུགས་བརྙན་	NOUN
ཡིན་པ་	ཡིན་པ་	AUX
ས་	གིས་	PART
བྱ་བ་	བྱ་བ་	VERB
བྱེད་	བྱེད་	VERB
ནུས་པ་	ནུས་པ་	VERB
མེད་པ་	མེད་པ་	VERB
ར་	ལ་	PART
རྟོགས་	རྟོགས་	VERB
ན་	ནས་	PART
།		PUNCT
ཉམས་	ཉམས་	NOUN
ང་བ་	ང་བ་	PRON
འི་	གི་	PART
ཡིད་	ཡིད་	NOUN
མྱུར་	མྱུར་	VERB
དུ་	ལ་	PART
དབྲལ་བ་	དབྲལ་བ་	NO_POS
འི་	གི་	PART
ཕྱི་	ཕྱི་	OTHER
།		PUNCT
བརྟུལ་	བརྟུལ་	NO_POS
ཤུགས་	ཤུགས་	NOUN
ཀྱིས་	གིས་	PART
རེག་	རེག་	VERB
ཅིང་	ཅིང་	PART
རྫི་བ་	རྫི་བ་	NO_POS
ར་	ལ་	PART
བྱེད་	བྱེད་	VERB
དོ་	གོ་	PART
"།
།"		PUNCT
ཁ་ཅིག་	ཁ་ཅིག་	PRON
གཟུགས་བརྙན་	གཟུགས་བརྙན་	NOUN
དུ་	ལ་	PART
ཤེས་པ་	ཤེས་པ་	VERB
ས་	གིས་	PART
སྤང་བ་	སྤང་བ་	VERB
དང་	དང་	NO_POS
བླང་བ་	བླང་བ་	VERB
འི་	གི་	PART
བློ་	བློ་	NOUN
མི་	མི་	PART
འབྱུང་	འབྱུང་	VERB
སྟེ་	སྟེ་	PART
ཅིར་	ཅིར་	NO_POS
ཡང་	ཀྱང་	PART
མི་	མི་	PART
རྩོལ་	རྩོལ་	NO_POS
ལོ་	གོ་	PART
"།
།"		PUNCT
དེ་བཞིན་	དེ་བཞིན་	OTHER
དུ་	ལ་	PART
ཐེག་པ་	ཐེག་པ་	NOUN
རྣམས་	རྣམས་	DET
ཀྱི་	གི་	PART
གྲུབ་མཐའ་	གྲུབ་མཐའ་	NOUN
ཡང་	ཀྱང་	PART
དོན་	དོན་	NOUN
དེ་	སྟེ་	PART
དང་	དང་	NO_POS
འདྲ་	འདྲ་	VERB
སྟེ་	སྟེ་	PART
།		PUNCT
དེ་	སྟེ་	PART
ལ་	ལ་	PART
དང་པོ་	དང་པོ་	ADJ
ནི་	ནི་	NO_POS
ཉན་ཐོས་པ་	ཉན་ཐོས་པ་	NOUN
འི་	གི་	PART
ཚུལ་	ཚུལ་	NOUN
ཡིན་	ཡིན་	NO_POS
ཏེ་	སྟེ་	PART
།		PUNCT
འདི་ལྟར་	འདི་ལྟར་	NO_POS
སྡུག་བསྔལ་	སྡུག་བསྔལ་	NOUN
དང་	དང་	NO_POS
སྡུག་བསྔལ་	སྡུག་བསྔལ་	NOUN
གྱི་	གི་	PART
གནས་	གནས་	NOUN
ཀྱི་	གི་	PART
ཆོ་	ཆོ་	NOUN
འདི་དག་	འདི་དག་	NO_POS
ཀུན་རྫོབ་	ཀུན་རྫོབ་	NOUN
ཏུ་	ལ་	PART
ཡང་	ཀྱང་	PART
ཡོད་	ཡོད་	VERB
།		PUNCT
དོན་དམ་པ་	དོན་དམ་པ་	NOUN
ར་	ལ་	PART
ཡང་	ཀྱང་	PART
ཡོད་	ཡོད་	VERB
ལ་	ལ་	PART
དེ་ཡང་	དེ་ཡང་	ADV
རྫ་	རྫ་	NOUN
ཉིད་	ཉིད་	DET
དུ་ཡོད་པ་	དུ་ཡོད་པ་	NO_POS
ར་	ལ་	PART
འདོད་པ་	འདོད་པ་	VERB
ས་	གིས་	PART
།		PUNCT
དེ་	དེ་	DET
འི་	གི་	PART
དབང་	དབང་	NOUN
གིས་	གིས་	PART
ཡང་དག་པ་	ཡང་དག་པ་	ADJ
ར་	ལ་	PART
བལྟ་	བལྟ་	VERB
ཏེ་	སྟེ་	PART
བླང་དོར་	བླང་དོར་	NOUN
བྱེད་པ་	བྱེད་པ་	VERB
ནི་	ནི་	NO_POS
།		PUNCT
སྦྲུལ་	སྦྲུལ་	NOUN
གྱི་	གི་	PART
གཟུགས་བརྙན་	གཟུགས་བརྙན་	NOUN
ལ་	ལ་	PART
དངོ་	དངོ་	NOUN
ཉིད་	ཉིད་	DET
དུ་	ལ་	PART
མཐོང་	མཐོང་	VERB
ན་	ནས་	PART
སྤོང་བ་	སྤོང་བ་	VERB
དང་	དང་	NO_POS
འདྲ་	འདྲ་	VERB
འོ་	གོ་	PART
།		PUNCT
ཚུལ་	ཚུལ་	NOUN
འདི་	འདི་	DET
ལ་	ལ་	PART
ནི་	ནི་	NO_POS
ཡོད་པ་	ཡོད་པ་	VERB
རྣམས་པ་	རྣམས་པ་	DET
བཞི་	བཞི་	NUM
ར་	ལ་	PART
གྲགས་པ་	གྲགས་པ་	VERB
ལ་	ལ་	ADP
ས་	གིས་	PART
།		PUNCT
དོན་དམ་	དོན་དམ་	NOUN
དུ་ཡོད་པ་	དུ་ཡོད་པ་	NO_POS
དང་	དང་	NO_POS
།		PUNCT
ཀུན་རྫོབ་	ཀུན་རྫོབ་	NOUN
ཏུ་	ལ་	PART
ཡོད་པ་	ཡོད་པ་	VERB
དང་	དང་	NO_POS
།		PUNCT
དེ་	སྟེ་	PART
གཉི་ག་	གཉི་ག་	NO_POS
ཡང་	ཀྱང་	PART
རྫ་	རྫ་	NOUN
སུ་	ལ་	PART
ཡོད་པ་	ཡོད་པ་	VERB
ཞེ་	ཅེས་	PART
བྱ་བ་	བྱ་བ་	VERB
གསུམ་	གསུམ་	NUM
དང་	དང་	NO_POS
ལྡན་པ་	ལྡན་པ་	VERB
ཡིན་	ཡིན་	NO_POS
ནོ་	གོ་	PART
"།
།"		PUNCT
དཔེ་	དཔེ་	NOUN
གཉིས་པ་	གཉིས་པ་	NUM
ནི་	ནི་	NO_POS
།		PUNCT
ཐེག་པ་	ཐེག་པ་	NOUN
ཆེན་པོ་	ཆེན་པོ་	ADJ
དབུ་མ་པ་	དབུ་མ་པ་	NOUN
ཡིན་	ཡིན་	NO_POS
ཏེ་	སྟེ་	PART
།		PUNCT
སྣང་བ་	སྣང་བ་	VERB
འདི་དག་	འདི་དག་	NO_POS
ཡང་དག་པ་	ཡང་དག་པ་	ADJ
ར་	ལ་	PART
རྫ་	རྫ་	NOUN
སུ་	ལ་	PART
གྲུབ་པ་	གྲུབ་པ་	VERB
མེད་པ་	མེད་པ་	VERB
ས་	གིས་	PART
སྒྱུ་མ་	སྒྱུ་མ་	NOUN
ལྟ་བུ་	ལྟ་བུ་	NOUN
ཡིན་	ཡིན་	NO_POS
ནོ་	གོ་	PART
།		PUNCT
འོན་ཀྱང་	འོན་ཀྱང་	NO_POS
དུག་	དུག་	NOUN
སྒྱུ་མ་	སྒྱུ་མ་	NOUN
ས་	གིས་	PART
བྱ་བ་	བྱ་བ་	VERB
བྱེད་	བྱེད་	VERB
ནུས་པ་	ནུས་པ་	VERB
བཞིན་	བཞིན་	NOUN
དུ་	ལ་	PART
།		PUNCT
ཀུན་	ཀུན་	DET
ན་	ནས་	PART
ཉོན་མོངས་པ་	ཉོན་མོངས་པ་	NOUN
འི་	གི་	PART
ཆོ་	ཆོ་	NOUN
སྒྱུ་མ་	སྒྱུ་མ་	NOUN
ལྟ་བུ་	ལྟ་བུ་	NOUN
འདི་དག་	འདི་དག་	NO_POS
ཀྱང་	ཀྱང་	PART
ཐབས་	ཐབས་	NOUN
ཀྱིས་	གིས་	PART
མ་ཟིན་	མ་ཟིན་	NO_POS
ན་	ལ་	PART
ནི་	ནི་	NO_POS
གནོད་པ་	གནོད་པ་	VERB
འི་	གི་	PART
བྱ་བ་	བྱ་བ་	VERB
བྱེད་	བྱེད་	VERB
ལ་	ལ་	PART
།		PUNCT
ཟིན་	ཟིན་	VERB
ན་	ལ་	PART
ཕན་པ་	ཕན་པ་	VERB
འི་	གི་	PART
བྱ་བ་	བྱ་བ་	VERB
ཡང་	ཀྱང་	PART
བྱེད་པ་	བྱེད་པ་	VERB
ས་	གིས་	PART
།		PUNCT
ཀུན་རྫོབ་	ཀུན་རྫོབ་	NOUN
ཏུ་	ལ་	PART
རྫ་	རྫ་	NOUN
སུ་	ལ་	PART
ཡོད་པ་	ཡོད་པ་	VERB
འི་	གི་	PART
ཕྱི་	ཕྱི་	OTHER
།		PUNCT
བླང་དོར་	བླང་དོར་	NOUN
བྱ་བ་	བྱ་བ་	VERB
ར་	ལ་	PART
འདོད་	འདོད་	VERB
ཏེ་	སྟེ་	PART
།		PUNCT
དེ་	སྟེ་	PART
ནི་	ནི་	NO_POS
སྦྲུལ་	སྦྲུལ་	NOUN
གྱི་	གི་	PART
གཟུགས་བརྙན་	གཟུགས་བརྙན་	NOUN
ཡིན་ཡང་	ཡིན་ཡང་	NO_POS
བྱ་བ་	བྱ་བ་	VERB
བྱེད་པ་	བྱེད་པ་	VERB
འི་	གི་	PART
རྫས་ཡོད་པ་	རྫས་ཡོད་པ་	NO_POS
ར་	ལ་	PART
འདོད་པ་	འདོད་པ་	VERB
ལྟ་བུ་	ལྟ་བུ་	NOUN
འོ་	གོ་	PART
། །		PUNCT
ཚུལ་	ཚུལ་	NOUN
འདི་	འདི་	DET
ལ་	ལ་	PART
ནི་	ནི་	NO_POS
ཡོད་པ་	ཡོད་པ་	VERB
རྣམས་པ་	རྣམས་པ་	DET
བཞི་	བཞི་	NUM
ལ་	ལ་	ADP
ས་	གིས་	PART
།		PUNCT
དོན་དམ་པ་	དོན་དམ་པ་	NOUN
ར་	ལ་	PART
ཡོད་པ་	ཡོད་པ་	VERB
ཞེ་	ཅེས་	PART
བྱ་བ་	བྱ་བ་	VERB
འདི་	འདི་	DET
ནི་	ནི་	NO_POS
འགོག་	འགོག་	NO_POS
གོ་	གོ་	PART
།		PUNCT
ཀུན་རྫོབ་	ཀུན་རྫོབ་	NOUN
ཏུ་	ལ་	PART
ཡོད་པ་	ཡོད་པ་	VERB
ཞེ་	ཅེས་	PART
བྱ་བ་	བྱ་བ་	VERB
དང་	དང་	NO_POS
།		PUNCT
བཏགས་	བཏགས་	VERB
སུ་	ལ་	PART
ཡོད་པ་	ཡོད་པ་	VERB
ཞེ་	ཅེས་	PART
བྱ་བ་	བྱ་བ་	VERB
དང་	དང་	NO_POS
ལྡན་པ་	ལྡན་པ་	VERB
ཡིན་	ཡིན་	NO_POS
ནོ་	གོ་	PART
། །		PUNCT
དཔེ་	དཔེ་	NOUN
གསུམ་པ་	གསུམ་པ་	NUM
ནི་	ནི་	NO_POS
བྱ་བ་	བྱ་བ་	VERB
དང་	དང་	NO_POS
རྣལ་འབྱོར་	རྣལ་འབྱོར་	NOUN
ཕྱི་པ་	ཕྱི་པ་	NOUN
ཐུབ་པ་	ཐུབ་པ་	VERB
རྒྱུད་	རྒྱུད་	NOUN
ཡིན་	ཡིན་	NO_POS
ཏེ་	སྟེ་	PART
།		PUNCT
སྣང་བ་	སྣང་བ་	VERB
འི་	གི་	PART
ཆོ་	ཆོ་	NOUN
འདི་དག་	འདི་དག་	NO_POS
སྒྱུ་མ་	སྒྱུ་མ་	NOUN
ལྟ་བུ་	ལྟ་བུ་	NOUN
ཡིན་པ་	ཡིན་པ་	AUX
ས་	གིས་	PART
རྫ་	རྫ་	NOUN
གང་ཡང་	གང་ཡང་	NO_POS
མེད་	མེད་	VERB
དེ་	སྟེ་	PART
།		PUNCT
ཉེས་སྐྱོན་	ཉེས་སྐྱོན་	NO_POS
མེད་	མེད་	VERB
ན་	ལ་	PART
ཡང་	ཀྱང་	PART
སྔོན་	སྔོན་	ADV
གྱི་	གི་	PART
སྐྲག་པ་	སྐྲག་པ་	VERB
འི་	གི་	PART
ཤུགས་	ཤུགས་	NOUN
ཀྱིས་	གིས་	PART
སྤྱོད་	སྤྱོད་	VERB
མི་	མི་	PART
ཕོད་	ཕོད་	VERB
དེ་	སྟེ་	PART
།		PUNCT
དཔའ་བོ་	དཔའ་བོ་	NOUN
གཞན་	གཞན་	DET
ལ་	ལ་	PART
བསྐུལ་	བསྐུལ་	VERB
ནི་	ནི་	NO_POS
ནུས་	ནུས་	VERB
སོ་	གོ་	PART
། །		PUNCT
དེ་	སྟེ་	PART
ནི་	ནི་	NO_POS
སྦྲུལ་	སྦྲུལ་	NOUN
གྱི་	གི་	PART
གཟུགས་བརྙན་	གཟུགས་བརྙན་	NOUN
ལ་	ལ་	PART
སྐྱོན་མེད་པ་	སྐྱོན་མེད་པ་	ADJ
ར་	ལ་	PART
ཤེ་	ཤེ་	VERB
ཀྱང་	ཀྱང་	PART
རེག་པ་	རེག་པ་	VERB
ར་	ལ་	PART
མི་	མི་	PART
ནུས་པ་	ནུས་པ་	VERB
དང་	དང་	NO_POS
འདྲ་	འདྲ་	VERB
སྟེ་	སྟེ་	PART
།		PUNCT
ཚུལ་	ཚུལ་	NOUN
འདི་	འདི་	DET
ལ་	ལ་	PART
ནི་	ནི་	NO_POS
ཡོད་པ་	ཡོད་པ་	VERB
རྣམ་པ་	རྣམ་པ་	NOUN
བཞི་	བཞི་	NUM
ལས་དོན་	ལས་དོན་	OTHER
དམ་	གམ་	PART
དུ་ཡོད་པ་	དུ་ཡོད་པ་	NO_POS
དང་	དང་	NO_POS
།		PUNCT
ཀུན་རྫོབ་	ཀུན་རྫོབ་	NOUN
ཏུ་	ལ་	PART
རྫ་	རྫ་	NOUN
སུ་	ལ་	PART
ཡོད་པ་	ཡོད་པ་	VERB
དང་	དང་	NO_POS
ཞེ་	ཅེས་	PART
བྱ་བ་	བྱ་བ་	VERB
ནི་	ནི་	NO_POS
འགོག་	འགོག་	NO_POS
གོ་	གོ་	PART
། །		PUNCT
ཀུན་རྫོབ་	ཀུན་རྫོབ་	NOUN
ཏུ་	ལ་	PART
བཏགས་པ་	བཏགས་པ་	VERB
འི་	གི་	PART
ཡོད་པ་	ཡོད་པ་	VERB
ནི་	ནི་	NO_POS
ཡོད་	ཡོད་	VERB
དེ་	སྟེ་	PART
།		PUNCT
ཐུན་མོང་	ཐུན་མོང་	ADJ
གི་	གི་	PART
བདེན་པ་	བདེན་པ་	VERB
གཉིས་	གཉིས་	NUM
ཚུལ་	ཚུལ་	NOUN
འདི་ཙམ་	འདི་ཙམ་	NO_POS
འདོད་པ་	འདོད་པ་	VERB
འི་	གི་	PART
སྟེང་	སྟེང་	NOUN
དུ་	ལ་	PART
།		PUNCT
ཀུན་རྫོབ་	ཀུན་རྫོབ་	NOUN
ཏུ་	ལ་	PART
རྫ་	རྫ་	NOUN
སུ་	ལ་	PART
མེད་པ་	མེད་པ་	VERB
ར་	ལ་	PART
ཤེ་	ཤེ་	VERB
།		PUNCT
དོན་དམ་པ་	དོན་དམ་པ་	NOUN
དང་	དང་	NO_POS
ཀུན་རྫོབ་	ཀུན་རྫོབ་	NOUN
དབྱེ་	དབྱེ་	VERB
ར་	ལ་	PART
མེད་པ་	མེད་པ་	VERB
ར་	ལ་	PART
རྟོགས་པ་	རྟོགས་པ་	VERB
འི་	གི་	PART
མཉམ་པ་	མཉམ་པ་	VERB
འི་	གི་	PART
ལྟ་བ་	ལྟ་བ་	VERB
དང་པོ་	དང་པོ་	ADJ
ར་	ལ་	PART
ཆུང་ངུ་	ཆུང་ངུ་	ADJ
ར་	ལ་	PART
ཐོབ་པ་	ཐོབ་པ་	VERB
ཡིན་	ཡིན་	NO_POS
ནོ་	གོ་	PART
"།
།"		PUNCT
བཞི་པ་	བཞི་པ་	ADJ
ནི་	ནི་	NO_POS
རྣལ་འབྱོར་	རྣལ་འབྱོར་	NOUN
ཆེན་པོ་	ཆེན་པོ་	ADJ
ནང་པ་	ནང་པ་	NOUN
འི་	གི་	PART
ལྟ་བ་	ལྟ་བ་	VERB
ཡིན་	ཡིན་	NO_POS
ཏེ་	སྟེ་	PART
།		PUNCT
ཀུན་	ཀུན་	DET
ན་	ནས་	PART
ཉོན་མོངས་པ་	ཉོན་མོངས་པ་	NOUN
འི་	གི་	PART
ཆོ་	ཆོ་	NOUN
ཐམས་ཅད་	ཐམས་ཅད་	DET
སྒྱུ་མ་	སྒྱུ་མ་	NOUN
ལྟ་བུ་	ལྟ་བུ་	NOUN
ར་	ལ་	PART
ཆེ་	ཆེ་	VERB
ར་	ལ་	PART
རིག་པ་	རིག་པ་	VERB
ས་	གིས་	PART
།		PUNCT
མྱུར་	མྱུར་	VERB
དུ་	ལ་	PART
མཉམ་པ་	མཉམ་པ་	VERB
འི་	གི་	PART
ལྟ་བ་	ལྟ་བ་	VERB
ལ་	ལ་	ADP
ས་	གིས་	PART
སུ་	ལ་	PART
རུང་བ་	རུང་བ་	VERB
ར་	ལ་	PART
བྱ་བ་	བྱ་བ་	VERB
འི་	གི་	PART
ཕྱི་	ཕྱི་	OTHER
།		PUNCT
རྨད་	རྨད་	VERB
དུ་	ལ་	PART
བྱུང་བ་	བྱུང་བ་	VERB
འི་	གི་	PART
སྤྱོད་པ་	སྤྱོད་པ་	VERB
དང་	དང་	NO_POS
དུ་	ལ་	PART
ལེན་	ལེན་	VERB
ཏེ་	སྟེ་	PART
།		PUNCT
ཇི་ལྟ་		
སྦྲུལ་	སྦྲུལ་	NOUN
གྱི་	གི་	PART
གཟུགས་བརྙན་	གཟུགས་བརྙན་	NOUN
ལ་	ལ་	PART
སྐྲག་པ་	སྐྲག་པ་	VERB
ཙམ་	ཙམ་	DET
ཡང་	ཀྱང་	PART
མྱུར་	མྱུར་	VERB
དུ་	ལ་	PART
བསལ་བ་	བསལ་བ་	VERB
འི་	གི་	PART
ཕྱི་	ཕྱི་	OTHER
།		PUNCT
བརྟུལ་	བརྟུལ་	NO_POS
ཤུགས་	ཤུགས་	NOUN
ཀྱིས་	གིས་	PART
རྫི་བ་	རྫི་བ་	NO_POS
ར་	ལ་	PART
བྱེད་པ་	བྱེད་པ་	VERB
ལྟ་བུ་	ལྟ་བུ་	NOUN
འོ་	གོ་	PART
།		PUNCT
ཚུལ་	ཚུལ་	NOUN
འདི་	འདི་	DET
ལ་	ལ་	PART
ནི་	ནི་	NO_POS
ཀུན་རྫོབ་	ཀུན་རྫོབ་	NOUN
ཏུ་	ལ་	PART
བཏགས་པ་	བཏགས་པ་	VERB
འི་	གི་	PART
ཡོད་པ་	ཡོད་པ་	VERB
ར་	ལ་	PART
འཛིན་པ་	འཛིན་པ་	VERB
ཡང་	ཀྱང་	PART
ཆེ་	ཆེ་	VERB
ར་	ལ་	PART
ཟད་པ་	ཟད་པ་	VERB
ས་	གིས་	PART
བདེན་པ་	བདེན་པ་	VERB
གཉིས་	གཉིས་	NUM
སུ་	ལ་	PART
ལྟ་བ་	ལྟ་བ་	VERB
འི་	གི་	PART
འཛིན་པ་	འཛིན་པ་	VERB
འང་	ཀྱང་	PART
ཤེ་	ཤེ་	VERB
ཆེ་	ཆེ་	VERB
ར་	ལ་	PART
བྲལ་	བྲལ་	VERB
ན་	ནས་	PART
བདེན་པ་	བདེན་པ་	VERB
གཉིས་	གཉིས་	NUM
དབྱེ་	དབྱེ་	VERB
ར་	ལ་	PART
མེད་པ་	མེད་པ་	VERB
འི་	གི་	PART
བསམ་བ་	བསམ་བ་	NOUN
འབྲིང་	འབྲིང་	NOUN
དུ་	ལ་	PART
ཐོབ་པ་	ཐོབ་པ་	VERB
འོ་	གོ་	PART
"།
།"		PUNCT
ལྔ་པ་	ལྔ་པ་	NUM
ནི་	ནི་	NO_POS
རྫོགས་པ་	རྫོགས་པ་	VERB
ཆེན་པོ་	ཆེན་པོ་	ADJ
འི་	གི་	PART
ལྟ་བ་	ལྟ་བ་	VERB
ཡིན་	ཡིན་	NO_POS
ཏེ་	སྟེ་	PART
།		PUNCT
འདི་ལྟར་	འདི་ལྟར་	NO_POS
སྒྱུ་མ་	སྒྱུ་མ་	NOUN
ལྟ་བུ་	ལྟ་བུ་	NOUN
ཡིན་	ཡིན་	NO_POS
ན་	ལ་	PART
།		PUNCT
སྤང་བ་	སྤང་བ་	VERB
དང་	དང་	NO_POS
སྐྲག་པ་	སྐྲག་པ་	VERB
དང་	དང་	NO_POS
།		PUNCT
མངོན་དུ་	མངོན་དུ་	NO_POS
རྫི་བ་	རྫི་བ་	NO_POS
ལྟ་བུ་	ལྟ་བུ་	NOUN
ཀུན་	ཀུན་	DET
ཀྱང་	ཀྱང་	PART
དངོས་པོ་	དངོས་པོ་	NOUN
ར་	ལ་	PART
ཞེན་པ་	ཞེན་པ་	VERB
འི་	གི་	PART
ལྟ་བ་	ལྟ་བ་	VERB
ལ་	ལ་	ADP
ས་	གིས་	PART
བྱུང་བ་	བྱུང་བ་	VERB
ར་	ལ་	PART
རྟོགས་པ་	རྟོགས་པ་	VERB
ཡིན་	ཡིན་	NO_POS
ཏེ་	སྟེ་	PART
།		PUNCT
སྒྱུ་མ་	སྒྱུ་མ་	NOUN
ལྟ་བུ་	ལྟ་བུ་	NOUN
ལ་	ལ་	PART
ནི་	ནི་	NO_POS
རྩོལ་བ་	རྩོལ་བ་	VERB
འི་	གི་	PART
གནས་	གནས་	NOUN
མེད་པ་	མེད་པ་	VERB
ར་	ལ་	PART
རྟོགས་	རྟོགས་	VERB
ཏེ་	སྟེ་	PART
།		PUNCT
གང་ཡང་	གང་ཡང་	NO_POS
མི་	མི་	PART
འགོག་	འགོག་	NO_POS
ལ་	ལ་	PART
གང་	གང་	NO_POS
དུ་	ལ་	PART
ཡང་	ཀྱང་	PART
མི་	མི་	PART
སྩོལ་	སྩོལ་	VERB
ལོ་	གོ་	PART
།		PUNCT
ཚུལ་	ཚུལ་	NOUN
འདི་	འདི་	DET
ལ་	ལ་	PART
སྒྱུ་མ་	སྒྱུ་མ་	NOUN
ལྟ་བུ་	ལྟ་བུ་	NOUN
འི་	གི་	PART
བློ་	བློ་	NOUN
ཚད་	ཚད་	NOUN
དུ་	ལ་	PART
ཆད་པ་	ཆད་པ་	VERB
ཡིན་	ཡིན་	NO_POS
ཏེ་	སྟེ་	PART
།		PUNCT
སྣང་བ་	སྣང་བ་	VERB
འི་	གི་	PART
མཚན་ཉིད་	མཚན་ཉིད་	NOUN
མེད་པ་	མེད་པ་	VERB
ར་	ལ་	PART
རིག་པ་	རིག་པ་	VERB
ས་	གིས་	PART
།		PUNCT
དོན་དམ་	དོན་དམ་	NOUN
དང་	དང་	NO_POS
ཀུན་རྫོབ་	ཀུན་རྫོབ་	NOUN
ཀྱི་	གི་	PART
བདེན་པ་	བདེན་པ་	VERB
འི་	གི་	PART
འཛིན་པ་	འཛིན་པ་	VERB
ཕྲ་མོ་	ཕྲ་མོ་	ADJ
ཡང་	ཀྱང་	PART
བྲལ་བ་	བྲལ་བ་	VERB
ས་	གིས་	PART
ལྟ་བ་	ལྟ་བ་	VERB
ཐམས་ཅད་	ཐམས་ཅད་	DET
དང་	དང་	NO_POS
བྲལ་	བྲལ་	VERB
ཏེ་	སྟེ་	PART
།		PUNCT
དེ་	སྟེ་	PART
ལ་	ལ་	PART
ཐ་སྙད་	ཐ་སྙད་	NOUN
དུ་	ལ་	PART
དོན་དམ་པ་	དོན་དམ་པ་	NOUN
དང་	དང་	NO_POS
ཀུན་རྫོབ་	ཀུན་རྫོབ་	NOUN
དབྱེ་	དབྱེ་	VERB
ར་	ལ་	PART
མེད་པ་	མེད་པ་	VERB
ར་	ལ་	PART
ལྟ་བ་	ལྟ་བ་	VERB
མཉམ་པ་ཉིད་	མཉམ་པ་ཉིད་	NOUN
ཀྱི་	གི་	PART
དགོངས་པ་	དགོངས་པ་	VERB
ཞེ་	ཅེས་	PART
འདོགས་	འདོགས་	VERB
སོ་	གོ་	PART
"།
།"		PUNCT
མངོན་པ་	མངོན་པ་	OTHER
སྣང་བ་	སྣང་བ་	VERB
ནི་	ནི་	NO_POS
བག་ཆགས་	བག་ཆགས་	NOUN
ཀྱི་	གི་	PART
སྟོབས་	སྟོབས་	NOUN
ལ་	ལ་	ADP
ས་	གིས་	PART
བྱུང་བ་	བྱུང་བ་	VERB
ས་	གིས་	PART
མྱུར་	མྱུར་	VERB
དུ་	ལ་	PART
མི་	མི་	PART
ལྡོག་	ལྡོག་	VERB
གོཞེན་པ་	གོཞེན་པ་	NON_WORD
ནི་	ནི་	NO_POS
གློ་བུ་	གློ་བུ་	OTHER
གྱི་	གི་	PART
འདུ་ཤེས་	འདུ་ཤེས་	NOUN
ཕྱིན་	ཕྱིན་	VERB
ཅི་	ཅི་	NO_POS
ལོག་	ལོག་	VERB
གིས་	གིས་	PART
བསྐྱེད་པ་	བསྐྱེད་པ་	VERB
ས་	གིས་	PART
ལྡོག་པ་	ལྡོག་པ་	VERB
སླ་	སླ་	VERB
སྟེ་	སྟེ་	PART
།		PUNCT
ཞེན་པ་	ཞེན་པ་	VERB
དེ་ཡང་	དེ་ཡང་	ADV
མཚན་མ་	མཚན་མ་	NOUN
ར་	ལ་	PART
འཛིན་པ་	འཛིན་པ་	VERB
ལ་	ལ་	ADP
ས་	གིས་	PART
འབྱུང་	འབྱུང་	VERB
ངོ་	གོ་	PART
།		PUNCT
དེ་ཡང་	དེ་ཡང་	ADV
དངོས་པོ་	དངོས་པོ་	NOUN
ར་	ལ་	PART
ལྟ་བ་	ལྟ་བ་	VERB
ལ་	ལ་	ADP
ས་	གིས་	PART
འབྱུང་	འབྱུང་	VERB
སྟེ་	སྟེ་	PART
།		PUNCT
རྟོག་པ་	རྟོག་པ་	VERB
འདི་	འདི་	DET
གསུམ་	གསུམ་	NUM
ལོག་	ལོག་	VERB
ན་	ལ་	PART
།		PUNCT
ངོ་བོ་	ངོ་བོ་	NOUN
ཉིད་	ཉིད་	DET
ཀྱི་	གི་	PART
རྟོག་པ་	རྟོག་པ་	VERB
སྣང་བ་	སྣང་བ་	VERB
མ་	མ་	PART
ལོག་	ལོག་	VERB
ཀྱང་	ཀྱང་	PART
བདེན་པ་	བདེན་པ་	VERB
གཉིས་	གཉིས་	NUM
སུ་	ལ་	PART
ལྟ་བ་	ལྟ་བ་	VERB
མི་	མི་	PART
འབྱུང་	འབྱུང་	VERB
ངོ་	གོ་	PART
"།
།"		PUNCT
འདི་	འདི་	DET
ར་	ལ་	PART
འགའ་ཞིག་	འགའ་ཞིག་	OTHER
དབུ་མ་	དབུ་མ་	PROPN
འི་	གི་	PART
གཞུང་	གཞུང་	NOUN
གིས་	གིས་	PART
།		PUNCT
དོན་དམ་པ་	དོན་དམ་པ་	NOUN
ར་	ལ་	PART
ནི་	ནི་	NO_POS
བདེན་པ་	བདེན་པ་	VERB
གཉིས་	གཉིས་	NUM
སུ་	ལ་	PART
དབྱེ་	དབྱེ་	VERB
ར་	ལ་	PART
མི་	མི་	PART
འབྱེད་	འབྱེད་	VERB
ལ་	ལ་	PART
།		PUNCT
གསང་སྔགས་	གསང་སྔགས་	NOUN
ཀྱི་	གི་	PART
གཞུང་	གཞུང་	NOUN
གིས་	གིས་	PART
ཀྱང་	ཀྱང་	PART
སྣང་བ་	སྣང་བ་	VERB
མི་	མི་	PART
འགོག་	འགོག་	NO_POS
ཞེ་ན་	ཅེ་ན་	PART
།		PUNCT
འདི་	འདི་	DET
ལ་	ལ་	PART
བསྟན་པ་	བསྟན་པ་	VERB
ར་	ལ་	PART
བྱ་	བྱ་	VERB
སྟེ་	སྟེ་	PART
།		PUNCT
གང་ཟག་	གང་ཟག་	NOUN
གང་	གང་	NO_POS
གི་	གི་	PART
བློ་	བློ་	NOUN
ལ་	ལ་	PART
།		PUNCT
བདེན་པ་	བདེན་པ་	VERB
གཉིས་	གཉིས་	NUM
ཀྱི་	གི་	PART
མཚན་ཉིད་	མཚན་ཉིད་	NOUN
བདེན་པ་	བདེན་པ་	VERB
ར་	ལ་	PART
གྲུབ་པ་	གྲུབ་པ་	VERB
བློ་	བློ་	NOUN
ལ་	ལ་	PART
བཞག་	བཞག་	VERB
ན་	ནས་	PART
ཤེས་བྱ་	ཤེས་བྱ་	VERB
རྣམས་	རྣམས་	DET
ལ་	ལ་	PART
གཞལ་	གཞལ་	VERB
ན་	ལ་	PART
།		PUNCT
ནམ་	གམ་	PART
དུ་	ལ་	PART
ཡང་	ཀྱང་	PART
བློ་	བློ་	NOUN
གཉིས་པ་	གཉིས་པ་	NUM
མི་	མི་	PART
འདོ་	འདོ་	VERB
ཏེ་	སྟེ་	PART
།		PUNCT
འདི་ལྟར་	འདི་ལྟར་	NO_POS
དོན་དམ་པ་	དོན་དམ་པ་	NOUN
ར་	ལ་	PART
བདེན་པ་	བདེན་པ་	VERB
གཉིས་	གཉིས་	NUM
དབྱེ་	དབྱེ་	VERB
ར་	ལ་	PART
མེད་	མེད་	VERB
དོ་	གོ་	PART
།		PUNCT
ཞེ་	ཅེས་	PART
གཞལ་བ་	གཞལ་བ་	VERB
འི་	གི་	PART
ཚེ་	ཚེ་	NOUN
།		PUNCT
ཞེ་བོ་	ཞེ་བོ་	PART
ལ་	ལ་	PART
འདོད་པ་	འདོད་པ་	VERB
ནི་	ནི་	NO_POS
ཀུན་རྫོབ་	ཀུན་རྫོབ་	NOUN
སྒྱུ་མ་	སྒྱུ་མ་	NOUN
ཙམ་	ཙམ་	DET
དུ་ཡོད་པ་	དུ་ཡོད་པ་	NO_POS
ར་	ལ་	PART
འདོད་པ་	འདོད་པ་	VERB
འདི་	འདི་	DET
ཡང་	ཀྱང་	PART
མ་	མ་	PART
བཏང་བ་	བཏང་བ་	VERB
ཡིན་	ཡིན་	NO_POS
ཏེ་	སྟེ་	PART
།		PUNCT
དེ་བས་ན་	དེ་བས་ན་	NO_POS
ཆོས་ཉིད་	ཆོས་ཉིད་	NOUN
གཉིས་	གཉིས་	NUM
སུ་	ལ་	PART
མེད་པ་	མེད་པ་	VERB
བསྒྲུབ་པ་	བསྒྲུབ་པ་	VERB
འི་	གི་	PART
ཚེ་	ཚེ་	NOUN
འང་	ཀྱང་	PART
།		PUNCT
བསམ་པ་	བསམ་པ་	VERB
གཉིས་	གཉིས་	NUM
དང་	དང་	NO_POS
ལྡན་པ་	ལྡན་པ་	VERB
ར་	ལ་	PART
སྐྱེ་བ་	སྐྱེ་བ་	VERB
ཡིན་	ཡིན་	NO_POS
ནོ་	གོ་	PART
། །		PUNCT
ཀུན་རྫོབ་	ཀུན་རྫོབ་	NOUN
ཏུ་	ལ་	PART
སྒྱུ་མ་	སྒྱུ་མ་	NOUN
ལྟ་བུ་	ལྟ་བུ་	NOUN
ཞེ་	ཅེས་	PART
འཇལ་བ་	འཇལ་བ་	VERB
ར་	ལ་	PART
བྱེད་པ་	བྱེད་པ་	VERB
འི་	གི་	PART
ཚེ་	ཚེ་	NOUN
།		PUNCT
ཉན་ཐོས་	ཉན་ཐོས་	NOUN
དང་	དང་	NO_POS
རྣལ་འབྱོར་	རྣལ་འབྱོར་	NOUN
སྤྱོད་པ་	སྤྱོད་པ་	VERB
དག་	དག་	DET
གིས་	གིས་	PART
དོན་དམ་པ་	དོན་དམ་པ་	NOUN
ར་	ལ་	PART
ཡོད་པ་	ཡོད་པ་	VERB
ར་	ལ་	PART
བརྟགས་པ་	བརྟགས་པ་	VERB
རྣམས་	རྣམས་	DET
ཀྱི་	གི་	PART
སྤྲོས་པ་	སྤྲོས་པ་	VERB
ཞི་བ་	ཞི་བ་	VERB
ས་	གིས་	PART
སྒྱུ་མ་	སྒྱུ་མ་	NOUN
ལྟ་བུ་	ལྟ་བུ་	NOUN
ཞེ་	ཅེས་	PART
བརྗོད་	བརྗོད་	VERB
ཀྱི་	གི་	PART
།		PUNCT
ཀུན་རྫོབ་	ཀུན་རྫོབ་	NOUN
ཏུ་	ལ་	PART
དོན་	དོན་	NOUN
བྱེད་	བྱེད་	VERB
ནུས་པ་	ནུས་པ་	VERB
འི་	གི་	PART
རྫ་	རྫ་	NOUN
ཀྱིས་	གིས་	PART
སྟོང་	སྟོང་	NUM
ན་	ནས་	PART
སྒྱུ་མ་	སྒྱུ་མ་	NOUN
ལྟ་བུ་	ལྟ་བུ་	NOUN
འོ་	གོ་	PART
ཞེ་	ཅེས་	PART
ནི་	ནི་	NO_POS
མི་སྨྲ་	མི་སྨྲ་	NO_POS
སྟེ་	སྟེ་	PART
།		PUNCT
འདི་	འདི་	DET
ར་	ལ་	PART
འཇལ་བ་	འཇལ་བ་	VERB
ར་	ལ་	PART
བྱེད་པ་	བྱེད་པ་	VERB
འི་	གི་	PART
དུས་	དུས་	NOUN
ན་	ལ་	PART
ཡང་	ཀྱང་	PART
།		PUNCT
ཀུན་རྫོབ་	ཀུན་རྫོབ་	NOUN
ཏུ་	ལ་	PART
རྫ་	རྫ་	NOUN
སུ་	ལ་	PART
གྲུབ་པ་	གྲུབ་པ་	VERB
འི་	གི་	PART
མཚན་ཉིད་	མཚན་ཉིད་	NOUN
ལ་	ལ་	PART
དངོ་	དངོ་	NOUN
སུ་	ལ་	PART
དམིགས་	དམིགས་	VERB
ན་	ནས་	PART
།		PUNCT
དེ་ཉིད་	དེ་ཉིད་	NOUN
ཡང་དག་པ་	ཡང་དག་པ་	ADJ
ར་	ལ་	PART
དངོས་པོ་	དངོས་པོ་	NOUN
མ་གྲུབ་པ་	མ་གྲུབ་པ་	NO_POS
ཞེས་་	ཞེས་པ་	PART
ལ་	ལ་	PART
འདོད་པ་	འདོད་པ་	VERB
ཡིན་	ཡིན་	NO_POS
ཏེ་	སྟེ་	PART
།		PUNCT
དེ་བས་ན་	དེ་བས་ན་	NO_POS
འདི་	འདི་	DET
འི་	གི་	PART
ཚེ་	ཚེ་	NOUN
ཡང་	ཀྱང་	PART
ཚུལ་	ཚུལ་	NOUN
གཉིས་	གཉིས་	NUM
བློ་	བློ་	NOUN
ས་	གིས་	PART
མ་	མ་	PART
བཏང་	བཏང་	VERB
ངོ་	གོ་	PART
།		PUNCT
དེ་བས་ན་	དེ་བས་ན་	NO_POS
འདི་ལྟར་	འདི་ལྟར་	NO_POS
འགྱུར་	འགྱུར་	VERB
ཏེ་	སྟེ་	PART
།		PUNCT
སྣང་བ་	སྣང་བ་	VERB
ཆོས་ཅན་	ཆོས་ཅན་	NOUN
མཚན་གཞི་	མཚན་གཞི་	NOUN
ར་	ལ་	PART
བཞག་	བཞག་	VERB
ན་	ནས་	PART
།		PUNCT
འདི་	འདི་	DET
འི་	གི་	PART
ཆོ་	ཆོ་	NOUN
སམ་	གམ་	PART
མཚན་གཞི་	མཚན་གཞི་	NOUN
འི་	གི་	PART
སྤྲོས་པ་	སྤྲོས་པ་	VERB
དང་	དང་	NO_POS
བྲལ་བ་	བྲལ་བ་	VERB
དང་	དང་	NO_POS
།		PUNCT
སྒྱུ་མ་	སྒྱུ་མ་	NOUN
ཙམ་	ཙམ་	DET
དུ་	ལ་	PART
སྣང་བ་	སྣང་བ་	VERB
ཡིན་པ་	ཡིན་པ་	AUX
ར་	ལ་	PART
བློ་	བློ་	NOUN
ལ་	ལ་	PART
སྐྱེ་བ་	སྐྱེ་བ་	VERB
དེ་སྲིད་	དེ་སྲིད་	ADV
དུ་	ལ་	PART
།		PUNCT
སྣང་བ་	སྣང་བ་	VERB
འི་	གི་	PART
མཚན་ཉིད་	མཚན་ཉིད་	NOUN
ལ་	ལ་	PART
ཞེན་པ་	ཞེན་པ་	VERB
འི་	གི་	PART
བློ་	བློ་	NOUN
མ་	མ་	PART
ལོག་པ་	ལོག་པ་	VERB
ཡིན་	ཡིན་	NO_POS
ཏེ་	སྟེ་	PART
།		PUNCT
དེ་ལྟ་	དེ་ལྟ་	NO_POS
བུ་	བུ་	NOUN
འི་	གི་	PART
གང་ཟག་	གང་ཟག་	NOUN
ལ་	ལ་	PART
མཉམ་པ་	མཉམ་པ་	VERB
ཆེན་པོ་	ཆེན་པོ་	ADJ
འི་	གི་	PART
ལྟ་བ་	ལྟ་བ་	VERB
ཅན་	ཅན་	PART
ཞེ་	ཅེས་	PART
མི་	མི་	PART
གཞག་	གཞག་	VERB
གོ་	གོ་	PART
།		PUNCT
དེ་བས་ན་	དེ་བས་ན་	NO_POS
བདེན་པ་	བདེན་པ་	VERB
གཉིས་	གཉིས་	NUM
ཀྱི་	གི་	PART
རྐྱ་བ་	རྐྱ་བ་	NO_POS
དུ་	ལ་	PART
བློ་	བློ་	NOUN
བཅུག་	བཅུག་	VERB
ན་	ནས་	PART
ཤེས་བྱ་	ཤེས་བྱ་	VERB
ལ་	ལ་	PART
འཇལ་བ་	འཇལ་བ་	VERB
ར་	ལ་	PART
བྱེད་པ་	བྱེད་པ་	VERB
འདི་	འདི་	DET
ནི་	ནི་	NO_POS
།		PUNCT
དངོས་པོ་	དངོས་པོ་	NOUN
ལ་	ལ་	PART
ཆེ་	ཆེ་	VERB
ར་	ལ་	PART
ཞེན་པ་	ཞེན་པ་	VERB
འི་	གི་	PART
གང་ཟག་	གང་ཟག་	NOUN
རྣམས་	རྣམས་	DET
ཀྱི་	གི་	PART
གཉེན་པོ་	གཉེན་པོ་	NOUN
ར་	ལ་	PART
གསུངས་པ་	གསུངས་པ་	VERB
ཡིན་	ཡིན་	NO_POS
ཏེ་	སྟེ་	PART
།		PUNCT
འོན་ཀྱང་	འོན་ཀྱང་	NO_POS
ཆོ་	ཆོ་	NOUN
ཀྱི་	གི་	PART
ངོ་བོ་	ངོ་བོ་	NOUN
ཉིད་	ཉིད་	DET
ལ་	ལ་	PART
ནི་	ནི་	NO_POS
།		PUNCT
མཚན་ཉིད་	མཚན་ཉིད་	NOUN
གཉིས་	གཉིས་	NUM
མེད་	མེད་	VERB
དོ་	གོ་	PART
།		PUNCT
གང་	གང་	NO_POS
གི་	གི་	PART
མཚན་མ་	མཚན་མ་	NOUN
ར་	ལ་	PART
འཛིན་པ་	འཛིན་པ་	VERB
ལོག་	ལོག་	VERB
ན་	ལ་	PART
ཞེན་པ་	ཞེན་པ་	VERB
དང་	དང་	NO_POS
བྲལ་བ་	བྲལ་བ་	VERB
ཡིན་པ་	ཡིན་པ་	AUX
ས་	གིས་	PART
།		PUNCT
ཅིར་	ཅིར་	NO_POS
སྣང་	སྣང་	VERB
ཡང་	ཀྱང་	PART
སྲེད་	སྲེད་	NOUN
ཅིང་	ཅིང་	PART
སྨོན་པ་	སྨོན་པ་	VERB
མི་	མི་	PART
འབྱུང་བ་	འབྱུང་བ་	VERB
དེ་	དེ་	DET
འི་	གི་	PART
ཚེ་	ཚེ་	NOUN
མཉམ་པ་	མཉམ་པ་	VERB
ཆེན་པོ་	ཆེན་པོ་	ADJ
འི་	གི་	PART
ལྟ་བ་	ལྟ་བ་	VERB
ཞེ་	ཅེས་	PART
གདགས་	གདགས་	NO_POS
སོ་	གོ་	PART
"།
།"		PUNCT
ཡང་	ཀྱང་	PART
དྲིས་པ་	དྲིས་པ་	VERB
།		PUNCT
སྣང་བ་	སྣང་བ་	VERB
ཙམ་	ཙམ་	DET
ཉིད་	ཉིད་	DET
ཀུན་རྫོབ་	ཀུན་རྫོབ་	NOUN
མ་	མ་	PART
ཡིན་	ཡིན་	NO_POS
ནམ་	གམ་	PART
ཞེ་ན་	ཅེ་ན་	PART
།		PUNCT
གང་ཟག་	གང་ཟག་	NOUN
གང་	གང་	NO_POS
ལ་	ལ་	PART
སྣང་བ་	སྣང་བ་	VERB
ཀུན་རྫོབ་	ཀུན་རྫོབ་	NOUN
ཡིན་པ་	ཡིན་པ་	AUX
ར་	ལ་	PART
འཛིན་པ་	འཛིན་པ་	VERB
དེ་	སྟེ་	PART
ལ་	ལ་	PART
སྤྲོས་བྲལ་	སྤྲོས་བྲལ་	ADJ
དོན་དམ་པ་	དོན་དམ་པ་	NOUN
ཡིན་པ་	ཡིན་པ་	AUX
ཞེ་བ་	ཞེ་བ་	PART
ལ་	ལ་	PART
འཛིན་པ་	འཛིན་པ་	VERB
གོང་	གོང་	NOUN
དུ་	ལ་	PART
བསྟན་པ་	བསྟན་པ་	VERB
ར་	ལ་	PART
ཟད་	ཟད་	VERB
དོ་	གོ་	PART
།		PUNCT
འོ་ན་	འོ་ན་	NO_POS
བདེན་པ་	བདེན་པ་	VERB
གཉིས་	གཉིས་	NUM
བདེན་པ་	བདེན་པ་	VERB
ར་	ལ་	PART
མི་	མི་	PART
འཛིན་པ་	འཛིན་པ་	VERB
འི་	གི་	PART
བློ་	བློ་	NOUN
ལ་	ལ་	PART
གཅིག་	གཅིག་	NUM
དང་	དང་	NO_POS
གཉིས་	གཉིས་	NUM
སུ་	ལ་	PART
འཛིན་པ་	འཛིན་པ་	VERB
འདྲི་བ་	འདྲི་བ་	VERB
ར་	ལ་	PART
བྱེད་པ་	བྱེད་པ་	VERB
དེ་	སྟེ་	PART
ནི་	ནི་	NO_POS
གཞག་པ་	གཞག་པ་	VERB
ར་	ལ་	PART
ལུང་བསྟན་པ་	ལུང་བསྟན་པ་	NOUN
ཡིན་	ཡིན་	NO_POS
ཏེ་	སྟེ་	PART
།		PUNCT
མོ་གཤམ་	མོ་གཤམ་	NOUN
གྱི་	གི་	PART
བུ་	བུ་	NOUN
སྔོ་	སྔོ་	VERB
འམ་	གམ་	PART
དཀ་	དཀའ་	VERB
ར་	ལ་	PART
ཞེ་	ཅེས་	PART
འདྲི་བ་	འདྲི་བ་	VERB
ལྟ་བུ་	ལྟ་བུ་	NOUN
འོ་	གོ་	PART
།		PUNCT
ཡང་	ཀྱང་	PART
དྲིས་པ་	དྲིས་པ་	VERB
།		PUNCT
འོ་ན་	འོ་ན་	NO_POS
ཁྱེད་ཅག་	ཁྱེད་ཅག་	PRON
གི་	གི་	PART
གཞུང་	གཞུང་	NOUN
ཇི་ལྟ་བུ་	ཇི་ལྟ་བུ་	NO_POS
ཞིག་	ཅིག་	PART
སྒྲུབ་	སྒྲུབ་	VERB
ཅེ་ན་	ཅེ་ན་	PART
།		PUNCT
ཁོ་བོ་	ཁོ་བོ་	PRON
ཅག་	ཅག་	NO_POS
ནི་	ནི་	NO_POS
ཁྱེད་ཅག་	ཁྱེད་ཅག་	PRON
གི་	གི་	PART
ལྟ་བ་	ལྟ་བ་	VERB
ངན་པ་	ངན་པ་	VERB
བཟློག་པ་	བཟློག་པ་	VERB
ཙམ་	ཙམ་	DET
སྟེ་	སྟེ་	PART
།		PUNCT
ལྷག་པ་		
དོན་	དོན་	NOUN
ཅི་ཡང་	ཅི་ཡང་	OTHER
མི་	མི་	PART
སྒྲུབ་བོ་	སྒྲུབ་བོ་	VERB
།		PUNCT
དེ་	སྟེ་	PART
ལ་	ལ་	PART
ཐ་སྙད་	ཐ་སྙད་	NOUN
དུ་	ལ་	PART
མཉམ་པ་	མཉམ་པ་	VERB
ཆེན་པོ་	ཆེན་པོ་	ADJ
འི་	གི་	PART
ལྟ་བ་	ལྟ་བ་	VERB
ཞེ་	ཅེས་	PART
འདོགས་	འདོགས་	VERB
ཏེ་	སྟེ་	PART
།		PUNCT
ལྟ་བ་	ལྟ་བ་	VERB
ར་	ལ་	PART
ཞེན་པ་	ཞེན་པ་	VERB
ནི་	ནི་	NO_POS
གང་ཡང་	གང་ཡང་	NO_POS
མེད་	མེད་	VERB
དོ་	གོ་	PART
།		PUNCT
